ABE,39.50845,-76.16326
ABQ,35.08206,-106.64798
ACA,38.0177,-121.81602
ACD,37.59216,-90.6244
ADM,34.17247,-97.12551
AKY,38.48087,-82.6396
ALB,42.64103,-73.74115
ALC,40.92127,-81.0929
ALD,37.72428,-80.64486
ALI,42.2472,-84.75581
ALN,38.92101,-90.1573
ALP,30.3573,-103.66151
ALT,40.51448,-78.40162
ALX,38.8065,-77.06233
ALY,44.63046,-123.10277
AMS,42.95372,-74.2195
ANA,33.8038,-117.87731
ARB,42.28769,-83.74315
ARD,40.00828,-75.2904
ARK,34.11392,-93.05328
ARN,38.90364,-121.08319
ASD,37.7596,-77.4813
ATL,33.79944,-84.39248
ATN,33.64911,-85.83215
AUS,30.26945,-97.75694
BAL,39.3073,-76.61569
BAM,42.31452,-86.11165
BAR,34.90482,-117.02544
BAS,30.30873,-89.334
BBK,34.1713,-118.2999
BBY,42.34732,-71.07583
BCV,38.79727,-77.29879
BEL,48.72026,-122.51126
BEN,31.96876,-110.2969
BER,41.63559,-72.76527
BFD,35.37214,-119.00821
BFX,42.87845,-78.87375
BHM,33.51294,-86.80702
BIX,30.39906,-88.89164
BKY,37.86725,-122.30071
BLF,43.13654,-72.4446
BMT,30.07646,-94.12737
BNC,36.09423,-79.43453
BNG,45.71502,-121.46873
BNL,40.50901,-88.98431
BON,42.36624,-71.06112
BOS,42.35231,-71.0553
BRA,42.85083,-72.55873
BRH,31.58296,-90.44107
BRK,43.91139,-69.96554
BRL,40.80579,-91.10195
BRO,48.53407,-113.01315
BRP,41.17801,-73.18754
BTL,42.31845,-85.18783
BTN,44.4757,-73.21927
BUF,42.90702,-78.72658
BUR,34.19307,-118.35377
BWI,39.19236,-76.6943
BYN,41.48032,-84.5518
CAM,34.24816,-80.62519
CBR,32.34974,-97.38233
CBS,43.34061,-89.01261
CDL,37.72458,-89.21633
CEN,38.52753,-89.13612
CHI,41.87899,-87.64102
CHM,40.11584,-88.24137
CHS,32.87547,-79.99805
CHW,38.34637,-81.63849
CIC,39.72326,-121.84586
CIN,39.10993,-84.53706
CLA,43.36833,-72.37764
CLB,33.9943,-81.04049
CLE,41.50579,-81.69617
CLF,37.81452,-79.82736
CLP,38.47236,-77.99342
CLT,35.2414,-80.82281
CML,34.21593,-119.03411
CMO,43.21678,-121.78159
CNL,35.86434,-119.38588
CNV,43.61338,-73.17134
COC,36.09852,-119.55705
COI,39.64597,-85.13338
COT,39.98569,-75.82093
COV,40.02028,-79.59281
COX,39.09917,-120.95308
CPN,34.39678,-119.52297
CRF,40.04471,-86.89919
CRN,41.05692,-94.36162
CRT,41.1899,-73.88239
CRV,39.2793,-89.88928
CSN,34.69112,-82.8325
CTL,46.71747,-122.95306
CUM,39.65063,-78.758
CUT,48.63836,-112.33158
CVS,38.03148,-78.49168
CWH,40.07166,-74.95219
CWT,34.2532,-118.59942
CYN,35.78829,-78.78225
DAL,32.77609,-96.80723
DAN,36.58409,-79.38397
DAV,38.54356,-121.73771
DDG,37.75231,-100.01696
DEM,32.27177,-107.75435
DEN,39.75296,-104.99993
DER,42.30717,-83.23531
DET,42.3681,-83.0724
DFB,26.31707,-80.12215
DHM,43.13933,-70.93601
DLB,26.45402,-80.09115
DLD,29.01785,-81.35248
DLK,46.81969,-95.846
DNC,35.99735,-78.9063
DNK,33.32618,-81.14363
DOA,41.98094,-86.10904
DOV,43.19797,-70.87836
DOW,40.00219,-75.71078
DQN,38.01233,-89.24025
DRD,42.9095,-83.98232
DRT,29.3622,-100.90266
DUN,41.21113,-122.27059
DVL,48.11047,-98.86137
DWT,41.08985,-88.43071
DYE,41.51541,-87.51808
EDM,47.81108,-122.38414
EFG,39.11706,-88.54711
EKH,41.68075,-85.97185
ELK,40.83648,-115.75053
ELP,31.75735,-106.49564
ELT,40.14703,-76.61223
ELY,41.37003,-82.09669
EMY,37.84047,-122.29161
EPH,47.32095,-119.54927
ERI,42.12085,-80.08244
ESM,48.27554,-113.61094
ESX,44.49247,-73.11028
EUG,44.05504,-123.09236
EVR,47.9754,-122.19786
EWR,40.69662,-74.18229
EXR,42.98102,-70.9587
EXT,40.01929,-75.62171
FAR,46.88098,-96.78537
FAY,35.05499,-78.88479
FBG,38.29808,-77.45771
FED,43.2696,-73.58055
FFV,38.28563,-121.96793
FLG,35.19737,-111.64887
FLN,43.01542,-83.65173
FLO,34.19916,-79.75706
FMD,40.62956,-91.31353
FMG,40.24717,-103.80282
FMT,37.55909,-122.0075
FNO,36.73846,-119.78293
FRA,42.27599,-71.42003
FRE,43.85504,-70.10236
FTC,43.85379,-73.38968
FTL,26.11926,-80.17
FTN,36.5257,-88.88877
FTW,32.75256,-97.32667
FUL,33.86897,-117.92285
GAC,37.40678,-121.967
GAS,35.26919,-81.16237
GBB,40.94468,-90.36411
GCK,37.96436,-100.87326
GDL,34.12371,-118.25887
GFD,42.58546,-72.60076
GFK,47.91752,-97.11084
GGW,48.19485,-106.63619
GJT,39.06438,-108.56993
GLE,33.62516,-97.1409
GLM,40.75255,-87.99806
GLN,42.07504,-87.80556
GLP,35.52918,-108.74055
GNB,40.30499,-79.54689
GNS,34.2889,-83.81969
GPK,48.44233,-113.21952
GRA,40.08419,-105.9355
GRI,38.99204,-110.16523
GRO,36.0698,-79.78708
GRR,42.95579,-85.67245
GRV,34.85826,-82.41349
GSC,39.5479,-107.32322
GTA,34.43773,-119.84309
GUA,34.96293,-120.57341
GUF,30.36904,-89.09478
GVB,35.12126,-120.62927
GWD,33.51716,-90.17645
HAM,34.88366,-79.69922
HAR,40.26205,-76.87826
HAS,40.58428,-98.38753
HAV,48.55446,-109.67835
HAY,37.666,-122.09928
HAZ,31.86132,-90.39435
HBG,31.32692,-89.28646
HEM,38.70728,-91.43256
HER,39.68404,-110.85389
HFD,41.76876,-72.68131
HFY,39.32445,-77.73108
HGD,40.48367,-78.01178
HHL,42.7733,-71.08638
HIN,37.67504,-80.89223
HLD,40.43601,-99.37008
HLK,42.20416,-72.60231
HMD,30.50718,-90.46217
HMI,41.69116,-87.50651
HMW,41.56245,-87.66869
HNF,36.32608,-119.65182
HOL,26.01164,-80.16788
HOM,42.7911,-86.09655
HOP,33.66891,-93.59225
HOS,29.76724,-95.36753
HPT,35.95713,-80.0061
HUD,42.25389,-73.79773
HUN,38.41582,-82.43973
HUT,38.05571,-97.93152
IDP,39.08692,-94.42971
IND,39.76198,-86.16042
IRV,33.65677,-117.7337
JAN,32.30081,-90.19094
JAX,30.3656,-81.72389
JEF,38.57887,-92.16991
JOL,41.52465,-88.07873
JSP,31.60559,-81.88217
JST,40.32969,-78.922
JXN,42.24811,-84.39967
KAL,42.29526,-85.58402
KAN,35.49617,-80.62493
KCY,39.08458,-94.58513
KEE,41.24576,-89.92754
KEL,46.14226,-122.91302
KFS,42.22551,-121.77195
KIN,41.48396,-71.5606
KIS,28.29383,-81.40423
KKI,41.11926,-87.86543
KNG,35.18828,-114.05282
KTR,33.66388,-79.82903
KWD,38.58107,-90.40676
LAB,40.3174,-79.38508
LAF,40.41935,-86.8959
LAG,41.81563,-87.87154
LAJ,37.98825,-103.54358
LAK,28.0456,-81.95187
LAP,40.02922,-92.49338
LAU,31.69217,-89.12793
LAX,34.05618,-118.23678
LCH,30.23813,-93.21704
LCN,40.1482,-89.36305
LDB,32.35007,-108.70703
LEE,38.91262,-94.37797
LEW,40.58831,-77.58005
LEX,35.82086,-80.25156
LFT,30.22655,-92.01452
LIB,48.39484,-115.54889
LKL,28.0456,-81.95187
LMR,38.08962,-102.61857
LMY,35.48097,-105.87997
LNC,40.05418,-76.30771
LNK,40.81587,-96.71317
LNS,42.71873,-84.49596
LOD,38.1332,-121.27189
LOR,38.70814,-77.22094
LPE,43.04952,-83.30615
LPS,34.6827,-120.605
LRC,38.97117,-95.23054
LRK,34.7503,-92.28679
LSE,43.83316,-91.2473
LSV,35.59343,-105.21278
LVW,32.49403,-94.72832
LWA,47.60649,-120.64397
LYH,37.40644,-79.15693
MAC,40.46121,-90.67094
MAL,48.36048,-107.87224
MAT,39.48273,-88.37605
MAY,38.65215,-83.77107
MBY,44.01742,-73.16978
MCB,31.24447,-90.45133
MCD,37.30718,-120.4768
MCG,31.44335,-97.40476
MCK,40.19763,-100.62579
MDN,41.53938,-72.80068
MDR,37.02247,-120.07498
MDT,41.54958,-89.11792
MEI,32.36417,-88.69657
MEM,35.13246,-90.05911
MET,40.56806,-74.32958
MHL,32.55155,-94.36699
MIA,25.84955,-80.25776
MID,40.19566,-76.73648
MIN,32.66205,-95.4891
MJY,40.10916,-76.50344
MKA,42.94058,-87.92436
MKE,43.03452,-87.9171
MKS,34.25823,-90.27234
MNG,38.18074,-81.32403
MOD,37.66895,-120.91291
MOE,30.69085,-88.03829
MOT,48.23608,-101.29856
MPK,34.28476,-118.87806
MPR,44.25575,-72.60639
MRC,33.05619,-112.04759
MSP,44.94766,-93.08535
MSS,38.75008,-77.47258
MTP,40.97118,-91.55077
MTZ,38.01892,-122.13878
MVN,34.36548,-92.81402
MVW,48.41847,-122.33474
MYS,41.35093,-71.96309
NBK,40.49652,-74.44627
NBN,36.11271,-89.26226
NBU,41.79666,-86.74578
NCR,38.9481,-76.87149
NDL,34.84062,-114.60619
NEW,38.04698,-97.34489
NFK,36.84351,-76.2762
NFL,43.10991,-79.05528
NHT,42.31886,-72.62638
NHV,41.29771,-72.92667
NIB,30.00842,-91.82381
NLC,41.35427,-72.09323
NLS,41.83741,-86.25237
NOL,29.94609,-90.07829
NOR,35.21996,-97.44301
NPN,37.12233,-76.51702
NPV,41.77951,-88.1455
NRG,34.23066,-118.54542
NRK,39.66969,-75.75351
NRO,40.91145,-73.78433
NSF,35.7942,-78.70629
NWK,40.73471,-74.16475
NYF,43.07192,-76.22947
NYP,40.75104,-73.99633
OAC,37.7525,-122.19815
OKC,35.46549,-97.51275
OKE,27.25187,-80.83081
OKJ,37.79387,-122.27167
OLT,32.75527,-117.20007
OLW,46.99127,-122.79406
OMA,41.2497,-95.9272
ONA,34.06167,-117.64957
ORB,43.51433,-70.37622
ORC,45.36615,-122.59592
ORL,28.52593,-81.38152
OSB,41.30039,-72.37682
OSC,41.03712,-93.76489
OSD,33.19251,-117.37943
OTM,41.01882,-92.41493
OXN,34.19924,-119.17598
PAG,30.36785,-88.55955
PAK,29.64973,-81.64047
PAO,40.04275,-75.48376
PAR,39.95918,-75.92212
PBF,36.754,-90.39334
PCT,41.38519,-89.46681
PDX,45.52872,-122.67681
PGH,40.44474,-79.99231
PHL,39.95562,-75.18104
PHN,39.99678,-75.15511
PIC,30.52461,-89.68026
PIT,42.45156,-73.2538
PJC,40.31585,-74.62398
PLB,44.69673,-73.44628
PLO,41.66238,-88.53827
PNT,42.63277,-83.29233
POG,43.54708,-89.46763
POH,44.0423,-73.45875
PON,40.87869,-88.6372
POR,43.6541,-70.29126
POS,34.05922,-117.75062
POU,41.70706,-73.93749
PRB,35.62268,-120.68786
PRC,37.85659,-81.06069
PRK,44.52408,-73.40354
PRO,40.22596,-111.664
PSC,46.23701,-119.08773
PSN,33.89749,-116.54791
PTB,37.24163,-77.42879
PTH,42.96042,-82.4438
PUR,35.01203,-97.35742
PVD,41.82949,-71.41348
PVL,34.74174,-97.21846
QAN,38.52188,-77.29303
QCY,39.95706,-91.36853
RAT,36.90107,-104.43789
RDD,40.58359,-122.39337
RDW,44.56621,-92.53707
REN,40.94328,-87.15512
RGH,35.77721,-78.64778
RHI,41.92135,-73.95128
RIC,37.93675,-122.35413
RIV,33.97567,-117.36999
RKV,39.08455,-77.146
RLN,38.79101,-121.2373
RMT,35.938,-77.79785
RNK,37.27319,-79.9418
RNO,39.52852,-119.81212
ROC,43.16341,-77.60806
ROM,43.19942,-75.44996
ROY,42.48844,-83.14701
RPH,43.9224,-72.66546
RSP,44.99487,-73.37109
RSV,38.75002,-121.28629
RTE,42.21024,-71.14789
RTL,40.31091,-88.15913
RUD,43.60576,-72.98154
RUG,48.36985,-99.99756
RVM,37.53421,-77.42951
RVR,37.61769,-77.49694
SAB,44.81236,-73.08619
SAC,38.584,-121.5007
SAL,35.6675,-80.46632
SAN,32.71617,-117.16958
SAO,43.49619,-70.44914
SAR,43.08281,-73.81003
SAS,29.41935,-98.47814
SAV,32.08341,-81.14826
SBA,34.41372,-119.69278
SBG,27.49663,-81.4342
SBY,48.50675,-111.85665
SCC,37.35322,-121.93658
SCD,45.56775,-94.14909
SCH,29.74668,-90.81525
SDL,30.27837,-89.78256
SDY,42.81472,-73.94289
SEA,47.59845,-122.33016
SED,38.7116,-93.22871
SFA,28.80854,-81.29127
SIM,34.2702,-118.69516
SJC,37.32993,-121.90239
SJM,42.10908,-86.48448
SKN,37.94547,-121.28563
SKT,37.95704,-121.279
SKY,41.44067,-82.71787
SLC,40.76166,-111.90835
SLM,44.93233,-123.02833
SLO,35.27643,-120.6547
SMC,29.87657,-97.94105
SMT,41.79491,-87.80974
SNA,33.75163,-117.85661
SNB,34.10411,-117.31066
SNC,33.50132,-117.66381
SND,30.13995,-102.39875
SNP,33.41965,-117.61973
SNS,36.67915,-121.65674
SOB,41.67836,-86.28734
SOL,32.99294,-117.27114
SOP,35.17507,-79.3903
SPB,34.95374,-81.93692
SPG,42.10599,-72.59291
SPI,39.80232,-89.65138
SPK,47.65672,-117.41545
SPL,46.3546,-94.79533
SPM,38.72128,-82.96375
SPT,48.27623,-116.54558
SSM,35.53279,-78.2801
STA,38.14764,-79.07178
STL,38.62419,-90.20397
STM,41.04713,-73.54216
STN,48.31981,-102.38938
STS,41.30525,-72.92209
STW,48.24264,-122.34993
SUI,38.2434,-122.0411
SVT,42.71829,-87.9063
SYR,43.07655,-76.16924
TAC,47.2398,-122.4281
TAY,30.56767,-97.40776
TCA,34.57846,-83.33154
TCL,33.19316,-87.56023
THN,37.95699,-81.07875
TOH,43.98601,-90.50533
TOL,41.63834,-83.54172
TOP,39.05141,-95.66492
TPA,27.95249,-82.45078
TPL,31.09588,-97.34579
TRE,40.21901,-74.75444
TRI,37.17269,-104.50798
TRK,37.52723,-120.79801
TRM,42.54255,-83.19103
TRU,39.32762,-120.18539
TUK,47.46108,-122.24025
TUS,32.22298,-110.96677
TXA,33.42007,-94.04308
TYR,40.66771,-78.24047
UCA,43.10389,-75.22343
VAN,45.6289,-122.68654
VEC,34.27693,-119.29992
VNC,34.21129,-118.44821
VRN,44.18092,-73.24882
VRV,34.5372,-117.29296
WAB,44.33501,-72.75181
WAC,35.59409,-119.33231
WAH,38.56147,-91.01272
WAR,38.76275,-93.7409
WAS,38.89699,-77.00642
WBG,37.27641,-76.70856
WDB,38.65892,-77.24785
WDL,43.62651,-89.77745
WEM,43.32084,-70.61219
WEN,47.42156,-120.30655
WFD,41.45697,-72.82522
WFH,48.41347,-114.33558
WGL,48.49622,-113.97916
WHL,43.55469,-73.40321
WIH,45.65767,-120.96614
WIL,39.73726,-75.5511
WIN,44.0444,-91.64007
WIP,39.94757,-105.81739
WLN,35.72313,-77.90803
WLO,35.02167,-110.69498
WLY,41.38108,-71.82978
WND,41.85201,-72.64225
WNL,41.91396,-72.6261
WNM,43.47991,-72.38498
WNN,40.96904,-117.73221
WNR,36.06766,-90.95677
WOB,42.51736,-71.14382
WOR,42.26148,-71.79481
WPB,26.71255,-80.06218
WPK,28.5971,-81.35199
WPT,48.09167,-105.64274
WRJ,43.64779,-72.31727
WSP,44.18729,-73.45177
WSS,37.78644,-80.304
WTH,28.00215,-81.73488
WTI,41.43182,-85.0243
WTN,48.143,-103.62093
YAZ,32.84848,-90.41523
YEM,32.68829,-80.8469
YNY,40.93559,-73.90226
YUM,32.72314,-114.61557
